num,id,x,y,is_inf
-1,475876249,60.5514833,56.8216829,True
0,2283192527,60.5199082,56.7993362,False
1,2401067516,60.6054613,56.801099,False
2,4553955264,60.5903748,56.8927651,False
3,3530026644,60.6744269,56.7808039,False
4,3241634906,60.6131591,56.8028411,False
