num,id,x,y,is_inf
-1,4353602429,60.6261998,56.8249331,True
0,6901157234,60.8030659,56.7834561,False
1,1615660870,60.7055381,56.7589882,False
2,241943692,60.4951779,56.8879124,False
3,1618698254,60.6040912,56.7626772,False
4,1387213394,60.6036868,56.8271577,False
