num,id,x,y,is_inf
-1,411827206,60.6030329,56.7847495,True
0,242469895,60.7724046,56.7917618,False
1,2716543027,60.5137942,56.7950388,False
2,725264566,60.624894,56.8366543,False
3,412188385,60.5883781,56.7641949,False
4,1337148421,60.6496103,56.8400297,False
5,1780448230,60.7148494,56.8096556,False
