num,id,x,y,is_inf
-1,4353602429,60.6261998,56.8249331,True
0,6285460481,60.538131,56.8074647,False
1,2728397501,60.6233662,56.8635224,False
2,2331369374,60.5912166,56.7982511,False
3,2608141456,60.5795051,56.8633239,False
4,6942407466,60.5520436,56.8336907,False
5,854210436,60.6215052,56.8837922,False
6,1021333587,60.555364,56.878664,False
7,1636108920,60.6416983,56.8156975,False
8,512390531,60.6487246,56.7627505,False
9,882297817,60.6274307,56.9089777,False
