Vertex	Nearest
175246547	inf,-1
4043484683	6731.517398627791,411827206
3263470212	2634.3304004440506,456682436
2425474474	inf,-1
7326442638	inf,-1
1474079206	9853.313904819146,411827206
179413472	inf,-1
1794198686	inf,-1
711243155	inf,-1
1186819977	inf,-1
