Vertex	Nearest
605434933	7546.8038100798685,220628145
1424878918	2025.3150685094602,176134383
588382183	28691.9432563147,475876249
645289756	29222.34780874075,4347321633
3689292856	1554.5859149047312,4347321633
1795276807	17597.56899824588,475876249
241927064	12149.19999824588,475876249
176567986	3763.2310136145866,475876249
280298307	22049.2446784942,176134383
475991731	6766.103068509459,176134383
